宗教,宗派
古代宗教,古代宗教
古代宗教,ゾロアスター教
古代宗教,ズルワーン教
古代宗教,マズダク教
古代宗教,ミトラ教
古代宗教,マンダ教
古代宗教,サービア教徒
古代宗教,マニ教
古代宗教,グノーシス主義
古代宗教,古代ギリシアの宗教
ユダヤ教,ユダヤ教
ユダヤ教,パリサイ派
ユダヤ教,サドカイ派
ユダヤ教,エッセネ派
ユダヤ教,ラビ・ユダヤ教
キリスト教,キリスト教
キリスト教,アリウス派 
キリスト教,ユニテリアン
キリスト教,正教会 
キリスト教,ギリシャ正教会
キリスト教,ルーマニア正教会
キリスト教,ロシア正教会
キリスト教,日本ハリストス正教会
キリスト教,東方諸教会 
キリスト教,ネストリウス派 
キリスト教,アッシリア教会
キリスト教,非カルケドン派
キリスト教,単性論派
キリスト教,エチオピア正教会
キリスト教,コプト正教会
キリスト教,アルメニア正教会
キリスト教,カトリック教会 
キリスト教,東方典礼カトリック教会 
キリスト教,マロン派
キリスト教,マロン典礼カトリック教会
キリスト教,復古カトリック教会
キリスト教,ケルト教会
キリスト教,プロテスタント 
キリスト教,ルター派
キリスト教,急進派 
キリスト教,再洗礼派 
キリスト教,メンノー派 
キリスト教,アーミッシュ
キリスト教,聖公会
キリスト教,メソジスト 
キリスト教,救世軍
キリスト教,ホーリネス
キリスト教,改革派
キリスト教,改革長老教会
キリスト教,ピューリタン 
キリスト教,長老派
キリスト教,バプテスト
キリスト教,クエーカー
キリスト教,会衆派
新興宗教,新興宗教
新興宗教,新宗教
新興宗教,エホバの証人
新興宗教,モルモン教
新興宗教,末日聖徒イエス・キリスト教会
新興宗教,統一教会
新興宗教,世界平和統一家庭連合
新興宗教,クリスチャン・サイエンス
新興宗教,ファミリー・インターナショナル
新興宗教,摂理
新興宗教,キリスト教福音宣教会
新興宗教,人民寺院
新興宗教,ユニテリアン主義
新興宗教,ユニテリアン・ユニヴァーサリズム
新興宗教,全能神
新興宗教,セブンスデー・アドベンチスト教会
新興宗教,新エルサレム教会
新興宗教,神の十戒復古運動
異端的宗教,異端的宗教
異端的宗教,霊性運動
異端的宗教,ニューソート
イスラム教,イスラム教
イスラム教,ムスリム
イスラム教,イバード派
イスラム教,スンナ派 
イスラム教,ハナフィー学派
イスラム教,マーリク学派
イスラム教,シャーフィイー学派
イスラム教,ハンバル学派
イスラム教,ワッハーブ派
イスラム教,シーア派 
イスラム教,ザイド派
イスラム教,十二イマーム派 
イスラム教,バーブ教
イスラム教,バハーイー教
イスラム教,イスマーイール派 
イスラム教,ムスタアリー派
イスラム教,ニザール派
イスラム教,ドゥルーズ派
イスラム教,アラウィー派
イスラム教,アレヴィー派
イスラム教,アフマディーヤ
イスラム教,ラホール派
イスラム教,カーディヤーン派
イスラム教,スーフィズム
イスラム教,ネーション・オブ・イスラム
ヒンドゥー教,ヒンドゥー教
ヒンドゥー教,バラモン教
ヒンドゥー教,ブラーフマニズム
ヒンドゥー教,ヴェーダの宗教
ヒンドゥー教,正統バラモン六派哲学
ヒンドゥー教,サーンキヤ学派
ヒンドゥー教,ヨーガ学派
ヒンドゥー教,ニヤーヤ学派
ヒンドゥー教,ヴァイシェーシカ学派
ヒンドゥー教,ミーマーンサー学派
ヒンドゥー教,ヴェーダーンタ学派
ヒンドゥー教,ヒンドゥー教
ヒンドゥー教,ヴィシュヌ派
ヒンドゥー教,バーガヴァタ派 
ヒンドゥー教,マドヴァ派
ヒンドゥー教,ヴィシュヌスヴァーミン派
ヒンドゥー教,ニンバールカ派
ヒンドゥー教,ヴァッラバーチャーリヤ派
ヒンドゥー教,チャイタニヤ派
ヒンドゥー教,パンチャラートラ派
ヒンドゥー教,シヴァ派
ヒンドゥー教,聖典シヴァ派
ヒンドゥー教,カシミール・シヴァ派
ヒンドゥー教,パーシュパタ派
ヒンドゥー教,獣主派
ヒンドゥー教,シャークタ派
ヒンドゥー教,女神崇拝派
ヒンドゥー教,ラセーシュバラ派
ヒンドゥー教,水銀派
ヒンドゥー教,リンガーヤタ派
ヒンドゥー教,カーパーリカ派
ヒンドゥー教,スマールタ派
ヒンドゥー教,新興宗派 
ヒンドゥー教,ブラフモ・サマージ
ヒンドゥー教,プラールタナー・サマージ
ヒンドゥー教,アーリヤ・サマージ
ヒンドゥー教,神智学協会
ヒンドゥー教,ラーマクリシュナ・ミッション
ヒンドゥー教,シュリー・ナーラーヤナ法普及協会
自由思想家,自由思想家
自由思想家,道徳否定論
自由思想家,無道徳論
自由思想家,要素集合説
自由思想家,運命決定論
自由思想家,快楽主義
自由思想家,懐疑論
ジャイナ教,ジャイナ教
ジャイナ教,ティールタンカラ
ジャイナ教,白衣派
ジャイナ教,シュベーターンバラ
ジャイナ教,デーラーヴァーシー派
ジャイナ教,スターナクヴァーシー派
ジャイナ教,裸行派
ジャイナ教,ディガンバラ
ジャイナ教,テーラーパンティ派
ジャイナ教,ヴィスパンティ派
ジャイナ教,ロンカー派
シク教,シク教
仏教,仏教
仏教,ブッダ
仏教,上座部仏教
仏教,大乗仏教
インド仏教,原始仏教
インド仏教,部派仏教
南伝仏教,南伝仏教
南伝仏教,上座部仏教
南伝仏教,南方上座部
南伝仏教,大寺派
南伝仏教,無畏山寺派
南伝仏教,祇多林寺派 
北伝仏教,北伝仏教
北伝仏教,中国仏教 
北伝仏教,律宗 
北伝仏教,南山律宗
北伝仏教,涅槃宗
北伝仏教,天台宗
北伝仏教,三論宗
北伝仏教,地論宗
北伝仏教,摂論宗
北伝仏教,法相宗
北伝仏教,華厳宗
北伝仏教,浄土教 
北伝仏教,白蓮宗
北伝仏教,禅宗
北伝仏教,牛頭宗
北伝仏教,浄衆宗
北伝仏教,保唐宗
北伝仏教,北宗
北伝仏教,南宗
北伝仏教,荷澤宗
北伝仏教,洪西宗
北伝仏教,曹洞宗
北伝仏教,臨済宗 
北伝仏教,楊岐派
北伝仏教,黄龍派
北伝仏教,雲門宗
北伝仏教,法眼宗
北伝仏教,い仰宗
北伝仏教,朝鮮の仏教 
北伝仏教,華厳宗
北伝仏教,曹渓宗
北伝仏教,日本仏教
北伝仏教,三論宗
北伝仏教,成実宗
北伝仏教,法相宗
北伝仏教,倶舎宗
北伝仏教,華厳宗
北伝仏教,律宗
北伝仏教,真言宗 
北伝仏教,東寺派
北伝仏教,高野山真言宗
北伝仏教,豊山派
北伝仏教,智山派
北伝仏教,御室派
北伝仏教,醍醐派
北伝仏教,大覚寺派
北伝仏教,善通寺派
北伝仏教,信貴山派
北伝仏教,圓光寺
北伝仏教,真言律宗
北伝仏教,天台宗 
北伝仏教,山門派
北伝仏教,天台寺門宗
北伝仏教,天台真盛宗
北伝仏教,和宗
北伝仏教,聖徳宗
北伝仏教,聖観音宗
北伝仏教,本山修験宗
北伝仏教,浄土宗 
北伝仏教,鎮西派
北伝仏教,西山派
北伝仏教,浄土真宗 
北伝仏教,浄土真宗本願寺派
北伝仏教,真宗大谷派
北伝仏教,真宗高田派
北伝仏教,真宗佛光寺派
北伝仏教,真宗興正派
北伝仏教,真宗木辺派
北伝仏教,真宗出雲路派
北伝仏教,真宗誠照寺派
北伝仏教,真宗三門徒派
北伝仏教,真宗山元派
北伝仏教,真宗浄興寺派
北伝仏教,浄土真宗東本願寺派
北伝仏教,時宗
北伝仏教,融通念仏宗
北伝仏教,日蓮宗 
北伝仏教,日蓮正宗 
北伝仏教,日蓮法華宗
北伝仏教,日蓮本宗
北伝仏教,日蓮主義仏立講
北伝仏教,国柱会
北伝仏教,日本山妙法寺大僧伽
北伝仏教,禅宗 
北伝仏教,臨済宗 
北伝仏教,南禅寺派
北伝仏教,妙心寺派
北伝仏教,大徳寺派
北伝仏教,天龍寺派
北伝仏教,相国寺派
北伝仏教,東福寺派
北伝仏教,建仁寺派
北伝仏教,建長寺派
北伝仏教,円覚寺派
北伝仏教,国泰寺派
北伝仏教,佛通寺派
北伝仏教,向嶽寺派
北伝仏教,方広寺派
北伝仏教,永源寺派
北伝仏教,曹洞宗
北伝仏教,黄檗宗
北伝仏教,普化宗
北伝仏教,チベット仏教 
北伝仏教,ゲルク派
北伝仏教,サキャ派
北伝仏教,カギュ派
北伝仏教,ニンマ派
西アジアの宗教,西アジアの宗教
西アジアの宗教,マンダ教
西アジアの宗教,ヤジディ教
西アジアの宗教,サマリア教
中央アジアの宗教,中央アジアの宗教
中央アジアの宗教,ボン教
中央アジアの宗教,ポン教
東アジアの宗教,東アジアの宗教
東アジアの宗教,儒教
東アジアの宗教,道教 
東アジアの宗教,正一教
東アジアの宗教,全真教
東アジアの宗教,法教
東アジアの宗教,神道 
東アジアの宗教,神社本庁
東アジアの宗教,修験道
東アジアの宗教,琉球神道
東アジアの宗教,カムイ信仰
東アジアの宗教,日本の新宗教 
東アジアの宗教,黒住教
東アジアの宗教,天理教 
東アジアの宗教,ほんぶしん
東アジアの宗教,おうかんみち
東アジアの宗教,ほんみち
東アジアの宗教,神一條教
東アジアの宗教,金光教
東アジアの宗教,PL教団
東アジアの宗教,パーフェクト リバティー教団
東アジアの宗教,大本
東アジアの宗教,生長の家
東アジアの宗教,創価学会
東アジアの宗教,立正佼成会
東アジアの宗教,霊友会 
東アジアの宗教,大形派
東アジアの宗教,松本派
東アジアの宗教,いんなあとりっぷ
東アジアの宗教,真如苑
東アジアの宗教,日蓮宗葵講
東アジアの宗教,世界救世教
東アジアの宗教,世界真光文明教団
東アジアの宗教,崇教真光
東アジアの宗教,白光真宏会
東アジアの宗教,解脱会
東アジアの宗教,GLA総合本部
東アジアの宗教,阿含宗
東アジアの宗教,辯天宗
東アジアの宗教,念佛宗三寶山無量壽寺
東アジアの宗教,アーレフ
東アジアの宗教,オウム真理教
東アジアの宗教,細木教
東アジアの宗教,大国教会
東アジアの宗教,千乃正法
東アジアの宗教,パナウェーブ研究所
東アジアの宗教,法の華三法行
東アジアの宗教,ライフスペース
東アジアの宗教,冨士大石寺顕正会
東アジアの宗教,日本平和神軍
東アジアの宗教,浄土真宗親鸞会
東アジアの宗教,カクレキリシタン
東アジアの宗教,キリストの幕屋
東アジアの宗教,原始福音
東アジアの宗教,聖神世界宣教会
東アジアの宗教,聖神中央教会
東アジアの宗教,天架教
東アジアの宗教,幸福の科学
東アジアの宗教,新生佛教教団
東アジアの宗教,輝の会
東アジアの宗教,ベトナムの新宗教 
東アジアの宗教,カオダイ教
東アジアの宗教,ホアハオ教
その他の宗教,その他の宗教
その他の宗教,その他
その他の宗教,オリュンポスの神々
その他の宗教,ローマの神々
その他の宗教,ゲルマンの神々
その他の宗教,フィンランドの神々
その他の宗教,ケルトの神々
その他の宗教,スラヴの神々
その他の宗教,インカの神々
その他の宗教,マヤの神々
その他の宗教,アステカの神々
その他の宗教,エジプトの神々
その他の宗教,ドルイド教
その他の宗教,心霊主義
その他の宗教,スピリティズム
その他の宗教,ラスタファリ運動
その他の宗教,ユニバーサルライフ教会
その他の宗教,普遍生活教会
その他の宗教,コピミズム伝道教会
精神修養,精神修養
精神修養,マトリックス教
精神修養,法輪大法
土着宗教,土着宗教
土着宗教,カーゴ・カルト
土着宗教,ナッ信仰
土着宗教,アルクトドロ教
土着宗教,テングリ信仰
ネオペイガニズム,ネオペイガニズム
ネオペイガニズム,ヒーザニズム
ネオペイガニズム,アサトル
ネオペイガニズム,ネオドルイディズム
ネオペイガニズム,ディエヴトゥリーバ
ネオペイガニズム,ウイッカ 
ネオペイガニズム,ガードナー派ウイッカ
ネオペイガニズム,ダイアナ派ウイッカ
ネオペイガニズム,女神運動
アフロ・クレオール宗教,アフロ・クレオール宗教
アフロ・クレオール宗教,サンテリア
アフロ・クレオール宗教,ヴードゥー教
サタニズム系,サタニズム系
サタニズム系,サタニズム
サタニズム系,悪魔教会
サタニズム系,左道 
サタニズム系,セトの神殿
秘教,秘教
秘教,古代神秘薔薇十字団
神秘主義,神秘主義
神秘主義,キリスト教神秘主義
神秘主義,ヒンドゥー神秘主義
神秘主義,タントリズム
神秘主義,カバラ
神秘主義,イスラーム神秘主義
神秘主義,スーフィズム
パロディー宗教,パロディー宗教
パロディー宗教,空飛ぶスパゲッティ・モンスター教
パロディー宗教,ディスコルディア教
パロディー宗教,サブジーニアス教
